Title,Date,Valence,Chartpos,
Ella Baila Sola,2023-05-25T10:09:11Z,0.834,1,
WHERE SHE GOES,2023-05-25T10:09:11Z,0.234,2,
un x100to,2023-05-25T10:09:11Z,0.562,3,
La Bebe - Remix,2023-05-25T10:09:11Z,0.559,4,
Cupid - Twin Ver.,2023-05-25T10:09:11Z,0.726,5,
Flowers,2023-05-25T10:09:11Z,0.646,6,
Daylight,2023-05-25T10:09:11Z,0.324,7,
Kill Bill,2023-05-25T10:09:11Z,0.418,8,
As It Was,2023-05-25T10:09:11Z,0.662,9,
TQG,2023-05-25T10:09:11Z,0.607,10,
Classy 101,2023-05-25T10:09:11Z,0.672,11,
Acróstico,2023-05-25T10:09:11Z,0.353,12,
"Angel Pt. 1 (feat. Jimin of BTS, JVKE & Muni Long)",2023-05-25T10:09:11Z,0.277,13,
Creepin' (with The Weeknd & 21 Savage),2023-05-25T10:09:11Z,0.172,14,
BESO,2023-05-25T10:09:11Z,0.53,15,
Calm Down (with Selena Gomez),2023-05-25T10:09:11Z,0.811,16,
Die For You (with Ariana Grande) - Remix,2023-05-25T10:09:11Z,0.506,17,
See You Again (feat. Kali Uchis),2023-05-25T10:09:11Z,0.62,18,
TQM,2023-05-25T10:09:11Z,0.963,19,
Yandel 150,2023-05-25T10:09:11Z,0.58,20,
El Azul,2023-05-25T10:09:11Z,0.844,21,
Boy's a Liar Pt. 2,2023-05-25T10:09:11Z,0.857,22,
PRC,2023-05-25T10:09:11Z,0.893,23,
Tattoo,2023-05-25T10:09:11Z,0.303,24,
I Wanna Be Yours,2023-05-25T10:09:11Z,0.479,25,
Anti-Hero,2023-05-25T10:09:11Z,0.533,26,
Angels Like You,2023-05-25T10:09:11Z,0.494,27,
All My Life (feat. J. Cole),2023-05-25T10:09:11Z,0.693,28,
Last Night,2023-05-25T10:09:11Z,0.478,29,
Die For You,2023-05-25T10:09:11Z,0.508,30,
I'm Good (Blue),2023-05-25T10:09:11Z,0.304,31,
Cruel Summer,2023-05-25T10:09:11Z,0.564,32,
Say Yes To Heaven,2023-05-25T10:09:11Z,0.166,33,
Here With Me,2023-05-25T10:09:11Z,0.288,34,
Another Love,2023-05-25T10:09:11Z,0.139,35,
Starboy,2023-05-25T10:09:11Z,0.486,36,
People,2023-05-25T10:09:11Z,0.693,37,
AMG,2023-05-25T10:09:11Z,0.786,38,
Until I Found You (with Em Beihold) - Em Beihold Version,2023-05-25T10:09:11Z,0.342,39,
Moonlight,2023-05-25T10:09:11Z,0.896,40,
golden hour,2023-05-25T10:09:11Z,0.153,41,
I Ain't Worried,2023-05-25T10:09:11Z,0.822,42,
La Bachata,2023-05-25T10:09:11Z,0.85,43,
"Shakira: Bzrp Music Sessions, Vol. 53",2023-05-25T10:09:11Z,0.498,44,
Unholy (feat. Kim Petras),2023-05-25T10:09:11Z,0.206,45,
Frágil,2023-05-25T10:09:11Z,0.393,46,
Yellow,2023-05-25T10:09:11Z,0.285,47,
Por las Noches,2023-05-25T10:09:11Z,0.392,48,
Hey Mor,2023-05-25T10:09:11Z,0.399,49,
Abcdario,2023-05-25T10:09:11Z,0.416,50,Ella Baila Sola,2023-05-27T10:01:29Z,0.834,1
WHERE SHE GOES,2023-05-27T10:01:29Z,0.234,2
La Bebe - Remix,2023-05-27T10:01:29Z,0.559,3
un x100to,2023-05-27T10:01:29Z,0.562,4
Karma (feat. Ice Spice),2023-05-27T10:01:29Z,0.0734,5
Snow On The Beach (feat. More Lana Del Rey),2023-05-27T10:01:29Z,0.315,6
Cupid - Twin Ver.,2023-05-27T10:01:29Z,0.726,7
Hits Different,2023-05-27T10:01:29Z,0.239,8
Flowers,2023-05-27T10:01:29Z,0.646,9
Daylight,2023-05-27T10:01:29Z,0.324,10
Kill Bill,2023-05-27T10:01:29Z,0.418,11
As It Was,2023-05-27T10:01:29Z,0.662,12
TQG,2023-05-27T10:01:29Z,0.607,13
All My Life (feat. J. Cole),2023-05-27T10:01:29Z,0.733,14
Classy 101,2023-05-27T10:01:29Z,0.672,15
Anti-Hero,2023-05-27T10:01:29Z,0.533,16
TQM,2023-05-27T10:01:29Z,0.963,17
Calm Down (with Selena Gomez),2023-05-27T10:01:29Z,0.811,18
Acróstico,2023-05-27T10:01:29Z,0.353,19
Dance The Night (From Barbie The Album),2023-05-27T10:01:29Z,0.775,20
Creepin' (with The Weeknd & 21 Savage),2023-05-27T10:01:29Z,0.172,21
BESO,2023-05-27T10:01:29Z,0.53,22
El Azul,2023-05-27T10:01:29Z,0.844,23
Yandel 150,2023-05-27T10:01:29Z,0.58,24
Die For You (with Ariana Grande) - Remix,2023-05-27T10:01:29Z,0.506,25
Angel Pt. 1 (feat. Jimin of BTS, JVKE & Muni Long),2023-05-27T10:01:29Z,0.277,26
See You Again (feat. Kali Uchis),2023-05-27T10:01:29Z,0.62,27
Last Night,2023-05-27T10:01:29Z,0.478,28
Boy's a Liar Pt. 2,2023-05-27T10:01:29Z,0.857,29
PRC,2023-05-27T10:01:29Z,0.893,30
I'm Good (Blue),2023-05-27T10:01:29Z,0.304,31
Tattoo,2023-05-27T10:01:29Z,0.303,32
Cruel Summer,2023-05-27T10:01:29Z,0.564,33
Die For You,2023-05-27T10:01:29Z,0.508,34
I Wanna Be Yours,2023-05-27T10:01:29Z,0.479,35
Angels Like You,2023-05-27T10:01:29Z,0.494,36
Say Yes To Heaven,2023-05-27T10:01:29Z,0.166,37
AMG,2023-05-27T10:01:29Z,0.786,38
Here With Me,2023-05-27T10:01:29Z,0.288,39
People,2023-05-27T10:01:29Z,0.693,40
I Ain't Worried,2023-05-27T10:01:29Z,0.822,41
Por las Noches,2023-05-27T10:01:29Z,0.392,42
La Bachata,2023-05-27T10:01:29Z,0.85,43
Starboy,2023-05-27T10:01:29Z,0.486,44
golden hour,2023-05-27T10:01:29Z,0.153,45
Another Love,2023-05-27T10:01:29Z,0.139,46
Moonlight,2023-05-27T10:01:29Z,0.896,47
Hey Mor,2023-05-27T10:01:29Z,0.399,48
Shakira: Bzrp Music Sessions, Vol. 53,2023-05-27T10:01:29Z,0.498,49
Until I Found You (with Em Beihold) - Em Beihold Version,2023-05-27T10:01:29Z,0.342,50

Ella Baila Sola,2023-05-29T10:06:20Z,0.834,1
La Bebe - Remix,2023-05-29T10:06:20Z,0.559,2
WHERE SHE GOES,2023-05-29T10:06:20Z,0.234,3
un x100to,2023-05-29T10:06:20Z,0.562,4
Cupid - Twin Ver.,2023-05-29T10:06:20Z,0.726,5
Flowers,2023-05-29T10:06:20Z,0.646,6
Kill Bill,2023-05-29T10:06:20Z,0.418,7
As It Was,2023-05-29T10:06:20Z,0.662,8
Daylight,2023-05-29T10:06:20Z,0.324,9
TQM,2023-05-29T10:06:20Z,0.963,10
TQG,2023-05-29T10:06:20Z,0.607,11
El Azul,2023-05-29T10:06:20Z,0.844,12
Classy 101,2023-05-29T10:06:20Z,0.672,13
Anti-Hero,2023-05-29T10:06:20Z,0.533,14
Calm Down (with Selena Gomez),2023-05-29T10:06:20Z,0.811,15
Die For You (with Ariana Grande) - Remix,2023-05-29T10:06:20Z,0.506,16
Creepin' (with The Weeknd & 21 Savage),2023-05-29T10:06:20Z,0.172,17
Angel Pt. 1 (feat. Jimin of BTS, JVKE & Muni Long),2023-05-29T10:06:20Z,0.277,18
See You Again (feat. Kali Uchis),2023-05-29T10:06:20Z,0.62,19
PRC,2023-05-29T10:06:20Z,0.893,20
Last Night,2023-05-29T10:06:20Z,0.478,21
Yandel 150,2023-05-29T10:06:20Z,0.58,22
Hits Different,2023-05-29T10:06:20Z,0.239,23
Angels Like You,2023-05-29T10:06:20Z,0.494,24
Boy's a Liar Pt. 2,2023-05-29T10:06:20Z,0.857,25
I Wanna Be Yours,2023-05-29T10:06:20Z,0.479,26
BESO,2023-05-29T10:06:20Z,0.53,27
All My Life (feat. J. Cole),2023-05-29T10:06:20Z,0.733,28
Acróstico,2023-05-29T10:06:20Z,0.353,29
Die For You,2023-05-29T10:06:20Z,0.508,30
Here With Me,2023-05-29T10:06:20Z,0.288,31
Say Yes To Heaven,2023-05-29T10:06:20Z,0.166,32
Cruel Summer,2023-05-29T10:06:20Z,0.564,33
AMG,2023-05-29T10:06:20Z,0.786,34
I'm Good (Blue),2023-05-29T10:06:20Z,0.304,35
People,2023-05-29T10:06:20Z,0.693,36
Por las Noches,2023-05-29T10:06:20Z,0.392,37
Dance The Night (From Barbie The Album),2023-05-29T10:06:20Z,0.775,38
I Ain't Worried,2023-05-29T10:06:20Z,0.822,39
Moonlight,2023-05-29T10:06:20Z,0.896,40
golden hour,2023-05-29T10:06:20Z,0.153,41
Tattoo,2023-05-29T10:06:20Z,0.303,42
Until I Found You (with Em Beihold) - Em Beihold Version,2023-05-29T10:06:20Z,0.342,43
Starboy,2023-05-29T10:06:20Z,0.486,44
Frágil,2023-05-29T10:06:20Z,0.393,45
Snow On The Beach (feat. More Lana Del Rey),2023-05-29T10:06:20Z,0.315,46
Another Love,2023-05-29T10:06:20Z,0.139,47
La Bachata,2023-05-29T10:06:20Z,0.85,48
Shakira: Bzrp Music Sessions, Vol. 53,2023-05-29T10:06:20Z,0.498,49
Like Crazy,2023-05-29T10:06:20Z,0.362,50

Ella Baila Sola,2023-05-31T09:47:26Z,0.834,1
WHERE SHE GOES,2023-05-31T09:47:26Z,0.234,2
La Bebe - Remix,2023-05-31T09:47:26Z,0.559,3
un x100to,2023-05-31T09:47:26Z,0.562,4
Cupid - Twin Ver.,2023-05-31T09:47:26Z,0.726,5
Flowers,2023-05-31T09:47:26Z,0.646,6
Daylight,2023-05-31T09:47:26Z,0.324,7
Kill Bill,2023-05-31T09:47:26Z,0.418,8
As It Was,2023-05-31T09:47:26Z,0.662,9
Classy 101,2023-05-31T09:47:26Z,0.672,10
TQG,2023-05-31T09:47:26Z,0.607,11
TQM,2023-05-31T09:47:26Z,0.963,12
Calm Down (with Selena Gomez),2023-05-31T09:47:26Z,0.811,13
Anti-Hero,2023-05-31T09:47:26Z,0.533,14
Creepin' (with The Weeknd & 21 Savage),2023-05-31T09:47:26Z,0.172,15
Die For You (with Ariana Grande) - Remix,2023-05-31T09:47:26Z,0.506,16
All My Life (feat. J. Cole),2023-05-31T09:47:26Z,0.733,17
See You Again (feat. Kali Uchis),2023-05-31T09:47:26Z,0.62,18
BESO,2023-05-31T09:47:26Z,0.53,19
El Azul,2023-05-31T09:47:26Z,0.844,20
Angel Pt. 1 (feat. Jimin of BTS, JVKE & Muni Long),2023-05-31T09:47:26Z,0.277,21
Angels Like You,2023-05-31T09:47:26Z,0.494,22
Yandel 150,2023-05-31T09:47:26Z,0.58,23
Say Yes To Heaven,2023-05-31T09:47:26Z,0.166,24
Die For You,2023-05-31T09:47:26Z,0.508,25
Last Night,2023-05-31T09:47:26Z,0.478,26
I Wanna Be Yours,2023-05-31T09:47:26Z,0.479,27
Boy's a Liar Pt. 2,2023-05-31T09:47:26Z,0.857,28
Acróstico,2023-05-31T09:47:26Z,0.353,29
I'm Good (Blue),2023-05-31T09:47:26Z,0.304,30
Cruel Summer,2023-05-31T09:47:26Z,0.564,31
Dance The Night (From Barbie The Album),2023-05-31T09:47:26Z,0.775,32
Here With Me,2023-05-31T09:47:26Z,0.299,33
PRC,2023-05-31T09:47:26Z,0.893,34
People,2023-05-31T09:47:26Z,0.693,35
Hits Different,2023-05-31T09:47:26Z,0.239,36
Tattoo,2023-05-31T09:47:26Z,0.303,37
Moonlight,2023-05-31T09:47:26Z,0.896,38
golden hour,2023-05-31T09:47:26Z,0.153,39
Another Love,2023-05-31T09:47:26Z,0.139,40
I Ain't Worried,2023-05-31T09:47:26Z,0.822,41
Until I Found You (with Em Beihold) - Em Beihold Version,2023-05-31T09:47:26Z,0.342,42
Starboy,2023-05-31T09:47:26Z,0.486,43
AMG,2023-05-31T09:47:26Z,0.786,44
Like Crazy,2023-05-31T09:47:26Z,0.362,45
La Bachata,2023-05-31T09:47:26Z,0.85,46
Por las Noches,2023-05-31T09:47:26Z,0.392,47
Unholy (feat. Kim Petras),2023-05-31T09:47:26Z,0.206,48
Hey Mor,2023-05-31T09:47:26Z,0.399,49
Yellow,2023-05-31T09:47:26Z,0.285,50

Ella Baila Sola,2023-06-01T09:37:15Z,0.834,1
WHERE SHE GOES,2023-06-01T09:37:15Z,0.234,2
La Bebe - Remix,2023-06-01T09:37:15Z,0.559,3
un x100to,2023-06-01T09:37:15Z,0.562,4
Cupid - Twin Ver.,2023-06-01T09:37:15Z,0.726,5
Flowers,2023-06-01T09:37:15Z,0.646,6
Daylight,2023-06-01T09:37:15Z,0.324,7
Kill Bill,2023-06-01T09:37:15Z,0.418,8
As It Was,2023-06-01T09:37:15Z,0.662,9
Classy 101,2023-06-01T09:37:15Z,0.672,10
TQG,2023-06-01T09:37:15Z,0.607,11
TQM,2023-06-01T09:37:15Z,0.963,12
Calm Down (with Selena Gomez),2023-06-01T09:37:15Z,0.811,13
Creepin' (with The Weeknd & 21 Savage),2023-06-01T09:37:15Z,0.172,14
Anti-Hero,2023-06-01T09:37:15Z,0.533,15
El Azul,2023-06-01T09:37:15Z,0.844,16
Die For You (with Ariana Grande) - Remix,2023-06-01T09:37:15Z,0.506,17
BESO,2023-06-01T09:37:15Z,0.53,18
See You Again (feat. Kali Uchis),2023-06-01T09:37:15Z,0.62,19
Angel Pt. 1 (feat. Jimin of BTS, JVKE & Muni Long),2023-06-01T09:37:15Z,0.277,20
All My Life (feat. J. Cole),2023-06-01T09:37:15Z,0.733,21
Angels Like You,2023-06-01T09:37:15Z,0.494,22
Yandel 150,2023-06-01T09:37:15Z,0.58,23
Say Yes To Heaven,2023-06-01T09:37:15Z,0.166,24
I Wanna Be Yours,2023-06-01T09:37:15Z,0.479,25
Last Night,2023-06-01T09:37:15Z,0.478,26
Die For You,2023-06-01T09:37:15Z,0.508,27
Acróstico,2023-06-01T09:37:15Z,0.353,28
I'm Good (Blue),2023-06-01T09:37:15Z,0.304,29
Dance The Night (From Barbie The Album),2023-06-01T09:37:15Z,0.775,30
PRC,2023-06-01T09:37:15Z,0.893,31
Cruel Summer,2023-06-01T09:37:15Z,0.564,32
Here With Me,2023-06-01T09:37:15Z,0.299,33
People,2023-06-01T09:37:15Z,0.693,34
Boy's a Liar Pt. 2,2023-06-01T09:37:15Z,0.857,35
Tattoo,2023-06-01T09:37:15Z,0.303,36
Moonlight,2023-06-01T09:37:15Z,0.896,37
I Ain't Worried,2023-06-01T09:37:15Z,0.822,38
Another Love,2023-06-01T09:37:15Z,0.139,39
golden hour,2023-06-01T09:37:15Z,0.153,40
AMG,2023-06-01T09:37:15Z,0.786,41
Like Crazy,2023-06-01T09:37:15Z,0.362,42
Until I Found You (with Em Beihold) - Em Beihold Version,2023-06-01T09:37:15Z,0.342,43
Starboy,2023-06-01T09:37:15Z,0.486,44
Por las Noches,2023-06-01T09:37:15Z,0.392,45
La Bachata,2023-06-01T09:37:15Z,0.85,46
Hey Mor,2023-06-01T09:37:15Z,0.399,47
Unholy (feat. Kim Petras),2023-06-01T09:37:15Z,0.206,48
Bye,2023-06-01T09:37:15Z,0.7,49
Shakira: Bzrp Music Sessions, Vol. 53,2023-06-01T09:37:15Z,0.498,50

Ella Baila Sola,2023-06-01T09:37:15Z,0.834,1
WHERE SHE GOES,2023-06-01T09:37:15Z,0.234,2
La Bebe - Remix,2023-06-01T09:37:15Z,0.559,3
un x100to,2023-06-01T09:37:15Z,0.562,4
Cupid - Twin Ver.,2023-06-01T09:37:15Z,0.726,5
Flowers,2023-06-01T09:37:15Z,0.646,6
Daylight,2023-06-01T09:37:15Z,0.324,7
Kill Bill,2023-06-01T09:37:15Z,0.418,8
As It Was,2023-06-01T09:37:15Z,0.662,9
Classy 101,2023-06-01T09:37:15Z,0.672,10
TQG,2023-06-01T09:37:15Z,0.607,11
TQM,2023-06-01T09:37:15Z,0.963,12
Calm Down (with Selena Gomez),2023-06-01T09:37:15Z,0.811,13
Creepin' (with The Weeknd & 21 Savage),2023-06-01T09:37:15Z,0.172,14
Anti-Hero,2023-06-01T09:37:15Z,0.533,15
El Azul,2023-06-01T09:37:15Z,0.844,16
Die For You (with Ariana Grande) - Remix,2023-06-01T09:37:15Z,0.506,17
BESO,2023-06-01T09:37:15Z,0.53,18
See You Again (feat. Kali Uchis),2023-06-01T09:37:15Z,0.62,19
Angel Pt. 1 (feat. Jimin of BTS, JVKE & Muni Long),2023-06-01T09:37:15Z,0.277,20
All My Life (feat. J. Cole),2023-06-01T09:37:15Z,0.733,21
Angels Like You,2023-06-01T09:37:15Z,0.494,22
Yandel 150,2023-06-01T09:37:15Z,0.58,23
Say Yes To Heaven,2023-06-01T09:37:15Z,0.166,24
I Wanna Be Yours,2023-06-01T09:37:15Z,0.479,25
Last Night,2023-06-01T09:37:15Z,0.478,26
Die For You,2023-06-01T09:37:15Z,0.508,27
Acróstico,2023-06-01T09:37:15Z,0.353,28
I'm Good (Blue),2023-06-01T09:37:15Z,0.304,29
Dance The Night (From Barbie The Album),2023-06-01T09:37:15Z,0.775,30
PRC,2023-06-01T09:37:15Z,0.893,31
Cruel Summer,2023-06-01T09:37:15Z,0.564,32
Here With Me,2023-06-01T09:37:15Z,0.299,33
People,2023-06-01T09:37:15Z,0.693,34
Boy's a Liar Pt. 2,2023-06-01T09:37:15Z,0.857,35
Tattoo,2023-06-01T09:37:15Z,0.303,36
Moonlight,2023-06-01T09:37:15Z,0.896,37
I Ain't Worried,2023-06-01T09:37:15Z,0.822,38
Another Love,2023-06-01T09:37:15Z,0.139,39
golden hour,2023-06-01T09:37:15Z,0.153,40
AMG,2023-06-01T09:37:15Z,0.786,41
Like Crazy,2023-06-01T09:37:15Z,0.362,42
Until I Found You (with Em Beihold) - Em Beihold Version,2023-06-01T09:37:15Z,0.342,43
Starboy,2023-06-01T09:37:15Z,0.486,44
Por las Noches,2023-06-01T09:37:15Z,0.392,45
La Bachata,2023-06-01T09:37:15Z,0.85,46
Hey Mor,2023-06-01T09:37:15Z,0.399,47
Unholy (feat. Kim Petras),2023-06-01T09:37:15Z,0.206,48
Bye,2023-06-01T09:37:15Z,0.7,49
Shakira: Bzrp Music Sessions, Vol. 53,2023-06-01T09:37:15Z,0.498,50

Ella Baila Sola,2023-06-04T10:12:58Z,0.834,1
Peso Pluma: Bzrp Music Sessions, Vol. 55,2023-06-04T10:12:58Z,0.805,2
WHERE SHE GOES,2023-06-04T10:12:58Z,0.234,3
La Bebe - Remix,2023-06-04T10:12:58Z,0.559,4
un x100to,2023-06-04T10:12:58Z,0.562,5
Flowers,2023-06-04T10:12:58Z,0.646,6
Cupid - Twin Ver.,2023-06-04T10:12:58Z,0.726,7
TQM,2023-06-04T10:12:58Z,0.963,8
As It Was,2023-06-04T10:12:58Z,0.662,9
Daylight,2023-06-04T10:12:58Z,0.324,10
Kill Bill,2023-06-04T10:12:58Z,0.418,11
Sprinter,2023-06-04T10:12:58Z,0.661,12
Classy 101,2023-06-04T10:12:58Z,0.672,13
TQG,2023-06-04T10:12:58Z,0.607,14
El Azul,2023-06-04T10:12:58Z,0.844,15
Calm Down (with Selena Gomez),2023-06-04T10:12:58Z,0.811,16
Popular (with Playboi Carti & Madonna),2023-06-04T10:12:58Z,0.83,17
BESO,2023-06-04T10:12:58Z,0.53,18
Dance The Night (From Barbie The Album),2023-06-04T10:12:58Z,0.775,19
PRC,2023-06-04T10:12:58Z,0.893,20
Yandel 150,2023-06-04T10:12:58Z,0.58,21
Anti-Hero,2023-06-04T10:12:58Z,0.533,22
Creepin' (with The Weeknd & 21 Savage),2023-06-04T10:12:58Z,0.172,23
See You Again (feat. Kali Uchis),2023-06-04T10:12:58Z,0.62,24
Cruel Summer,2023-06-04T10:12:58Z,0.564,25
All My Life (feat. J. Cole),2023-06-04T10:12:58Z,0.733,26
Last Night,2023-06-04T10:12:58Z,0.478,27
Die For You (with Ariana Grande) - Remix,2023-06-04T10:12:58Z,0.506,28
I'm Good (Blue),2023-06-04T10:12:58Z,0.304,29
Angels Like You,2023-06-04T10:12:58Z,0.494,30
Say Yes To Heaven,2023-06-04T10:12:58Z,0.166,31
Bye,2023-06-04T10:12:58Z,0.7,32
Acróstico,2023-06-04T10:12:58Z,0.353,33
Angel Pt. 1 (feat. Jimin of BTS, JVKE & Muni Long),2023-06-04T10:12:58Z,0.277,34
AMG,2023-06-04T10:12:58Z,0.786,35
Boy's a Liar Pt. 2,2023-06-04T10:12:58Z,0.857,36
I Wanna Be Yours,2023-06-04T10:12:58Z,0.479,37
Los del Espacio,2023-06-04T10:12:58Z,0.634,38
Frágil,2023-06-04T10:12:58Z,0.393,39
Annihilate (Spider-Man: Across the Spider-Verse) (Metro Boomin & Swae Lee, Lil Wayne, Offset),2023-06-04T10:12:58Z,0.204,40
Die For You,2023-06-04T10:12:58Z,0.508,41
I Ain't Worried,2023-06-04T10:12:58Z,0.822,42
Calling (Spider-Man: Across the Spider-Verse) (Metro Boomin & Swae Lee, NAV, feat. A Boogie Wit da Hoodie),2023-06-04T10:12:58Z,0.22,43
People,2023-06-04T10:12:58Z,0.693,44
Tattoo,2023-06-04T10:12:58Z,0.303,45
Tá OK,2023-06-04T10:12:58Z,0.586,46
La Bachata,2023-06-04T10:12:58Z,0.85,47
Moonlight,2023-06-04T10:12:58Z,0.896,48
Por las Noches,2023-06-04T10:12:58Z,0.392,49
Starboy,2023-06-04T10:12:58Z,0.486,50

Ella Baila Sola,2023-06-06T12:01:21Z,0.834,1
Peso Pluma: Bzrp Music Sessions, Vol. 55,2023-06-06T12:01:21Z,0.805,2
WHERE SHE GOES,2023-06-06T12:01:21Z,0.234,3
Sprinter,2023-06-06T12:01:21Z,0.661,4
un x100to,2023-06-06T12:01:21Z,0.562,5
La Bebe - Remix,2023-06-06T12:01:21Z,0.559,6
Cupid - Twin Ver.,2023-06-06T12:01:21Z,0.726,7
Flowers,2023-06-06T12:01:21Z,0.646,8
Daylight,2023-06-06T12:01:21Z,0.324,9
TQM,2023-06-06T12:01:21Z,0.963,10
As It Was,2023-06-06T12:01:21Z,0.662,11
Kill Bill,2023-06-06T12:01:21Z,0.418,12
Calling (Spider-Man: Across the Spider-Verse) (Metro Boomin & Swae Lee, NAV, feat. A Boogie Wit da Hoodie),2023-06-06T12:01:21Z,0.22,13
Classy 101,2023-06-06T12:01:21Z,0.672,14
Calm Down (with Selena Gomez),2023-06-06T12:01:21Z,0.811,15
Annihilate (Spider-Man: Across the Spider-Verse) (Metro Boomin & Swae Lee, Lil Wayne, Offset),2023-06-06T12:01:21Z,0.204,16
See You Again (feat. Kali Uchis),2023-06-06T12:01:21Z,0.62,17
Creepin' (with The Weeknd & 21 Savage),2023-06-06T12:01:21Z,0.172,18
TQG,2023-06-06T12:01:21Z,0.607,19
Cruel Summer,2023-06-06T12:01:21Z,0.564,20
Popular (with Playboi Carti & Madonna),2023-06-06T12:01:21Z,0.83,21
Dance The Night (From Barbie The Album),2023-06-06T12:01:21Z,0.775,22
Say Yes To Heaven,2023-06-06T12:01:21Z,0.166,23
Anti-Hero,2023-06-06T12:01:21Z,0.533,24
Angels Like You,2023-06-06T12:01:21Z,0.494,25
El Azul,2023-06-06T12:01:21Z,0.844,26
Am I Dreaming (Metro Boomin & A$AP Rocky, Roisee),2023-06-06T12:01:21Z,0.134,27
All My Life (feat. J. Cole),2023-06-06T12:01:21Z,0.733,28
BESO,2023-06-06T12:01:21Z,0.53,29
Los del Espacio,2023-06-06T12:01:21Z,0.634,30
Die For You (with Ariana Grande) - Remix,2023-06-06T12:01:21Z,0.506,31
I Wanna Be Yours,2023-06-06T12:01:21Z,0.479,32
Angel Pt. 1 (feat. Jimin of BTS, JVKE & Muni Long),2023-06-06T12:01:21Z,0.277,33
PRC,2023-06-06T12:01:21Z,0.893,34
Sunflower - Spider-Man: Into the Spider-Verse,2023-06-06T12:01:21Z,0.925,35
Last Night,2023-06-06T12:01:21Z,0.478,36
Yandel 150,2023-06-06T12:01:21Z,0.58,37
Die For You,2023-06-06T12:01:21Z,0.508,38
I'm Good (Blue),2023-06-06T12:01:21Z,0.304,39
Boy's a Liar Pt. 2,2023-06-06T12:01:21Z,0.857,40
Moonlight,2023-06-06T12:01:21Z,0.896,41
People,2023-06-06T12:01:21Z,0.693,42
Like Crazy,2023-06-06T12:01:21Z,0.362,43
Bye,2023-06-06T12:01:21Z,0.7,44
Tattoo,2023-06-06T12:01:21Z,0.303,45
Acróstico,2023-06-06T12:01:21Z,0.353,46
Starboy,2023-06-06T12:01:21Z,0.486,47
Another Love,2023-06-06T12:01:21Z,0.131,48
I Ain't Worried,2023-06-06T12:01:21Z,0.825,49
Tá OK,2023-06-06T12:01:21Z,0.586,50

Ella Baila Sola,2023-06-09T10:11:49Z,0.834,1
Peso Pluma: Bzrp Music Sessions, Vol. 55,2023-06-09T10:11:49Z,0.805,2
WHERE SHE GOES,2023-06-09T10:11:49Z,0.234,3
un x100to,2023-06-09T10:11:49Z,0.562,4
La Bebe - Remix,2023-06-09T10:11:49Z,0.559,5
Sprinter,2023-06-09T10:11:49Z,0.661,6
Flowers,2023-06-09T10:11:49Z,0.646,7
Cupid - Twin Ver.,2023-06-09T10:11:49Z,0.726,8
Daylight,2023-06-09T10:11:49Z,0.324,9
As It Was,2023-06-09T10:11:49Z,0.662,10
Kill Bill,2023-06-09T10:11:49Z,0.418,11
TQM,2023-06-09T10:11:49Z,0.963,12
Classy 101,2023-06-09T10:11:49Z,0.672,13
TQG,2023-06-09T10:11:49Z,0.607,14
Calling (Spider-Man: Across the Spider-Verse) (Metro Boomin & Swae Lee, NAV, feat. A Boogie Wit da Hoodie),2023-06-09T10:11:49Z,0.22,15
Creepin' (with The Weeknd & 21 Savage),2023-06-09T10:11:49Z,0.172,16
Calm Down (with Selena Gomez),2023-06-09T10:11:49Z,0.811,17
Annihilate (Spider-Man: Across the Spider-Verse) (Metro Boomin & Swae Lee, Lil Wayne, Offset),2023-06-09T10:11:49Z,0.204,18
See You Again (feat. Kali Uchis),2023-06-09T10:11:49Z,0.62,19
Cruel Summer,2023-06-09T10:11:49Z,0.564,20
BESO,2023-06-09T10:11:49Z,0.53,21
Am I Dreaming (Metro Boomin & A$AP Rocky, Roisee),2023-06-09T10:11:49Z,0.134,22
Dance The Night (From Barbie The Album),2023-06-09T10:11:49Z,0.775,23
Los del Espacio,2023-06-09T10:11:49Z,0.634,24
Tá OK,2023-06-09T10:11:49Z,0.586,25
Popular (with Playboi Carti & Madonna),2023-06-09T10:11:49Z,0.83,26
Sunflower - Spider-Man: Into the Spider-Verse,2023-06-09T10:11:49Z,0.925,27
Anti-Hero,2023-06-09T10:11:49Z,0.533,28
I Wanna Be Yours,2023-06-09T10:11:49Z,0.479,29
Die For You (with Ariana Grande) - Remix,2023-06-09T10:11:49Z,0.506,30
Angels Like You,2023-06-09T10:11:49Z,0.494,31
El Azul,2023-06-09T10:11:49Z,0.844,32
Yandel 150,2023-06-09T10:11:49Z,0.58,33
Last Night,2023-06-09T10:11:49Z,0.478,34
I'm Good (Blue),2023-06-09T10:11:49Z,0.304,35
All My Life (feat. J. Cole),2023-06-09T10:11:49Z,0.733,36
Die For You,2023-06-09T10:11:49Z,0.508,37
Angel Pt. 1 (feat. Jimin of BTS, JVKE & Muni Long),2023-06-09T10:11:49Z,0.277,38
PRC,2023-06-09T10:11:49Z,0.893,39
Boy's a Liar Pt. 2,2023-06-09T10:11:49Z,0.857,40
Moonlight,2023-06-09T10:11:49Z,0.896,41
People,2023-06-09T10:11:49Z,0.693,42
I Ain't Worried,2023-06-09T10:11:49Z,0.825,43
El Cielo,2023-06-09T10:11:49Z,0.169,44
Starboy,2023-06-09T10:11:49Z,0.486,45
Another Love,2023-06-09T10:11:49Z,0.131,46
Like Crazy,2023-06-09T10:11:49Z,0.362,47
Tattoo,2023-06-09T10:11:49Z,0.303,48
Say Yes To Heaven,2023-06-09T10:11:49Z,0.179,49
Frágil,2023-06-09T10:11:49Z,0.393,50

Ella Baila Sola,2023-06-11T11:02:57Z,0.834,1
Peso Pluma: Bzrp Music Sessions, Vol. 55,2023-06-11T11:02:57Z,0.805,2
WHERE SHE GOES,2023-06-11T11:02:57Z,0.234,3
Take Two,2023-06-11T11:02:57Z,0.566,4
La Bebe - Remix,2023-06-11T11:02:57Z,0.559,5
un x100to,2023-06-11T11:02:57Z,0.562,6
Flowers,2023-06-11T11:02:57Z,0.646,7
Cupid - Twin Ver.,2023-06-11T11:02:57Z,0.726,8
Sprinter,2023-06-11T11:02:57Z,0.661,9
As It Was,2023-06-11T11:02:57Z,0.662,10
TQM,2023-06-11T11:02:57Z,0.963,11
Kill Bill,2023-06-11T11:02:57Z,0.418,12
Daylight,2023-06-11T11:02:57Z,0.324,13
Classy 101,2023-06-11T11:02:57Z,0.672,14
TQG,2023-06-11T11:02:57Z,0.607,15
Calling (Spider-Man: Across the Spider-Verse) (Metro Boomin & Swae Lee, NAV, feat. A Boogie Wit da Hoodie),2023-06-11T11:02:57Z,0.22,16
El Cielo,2023-06-11T11:02:57Z,0.169,17
El Azul,2023-06-11T11:02:57Z,0.844,18
Calm Down (with Selena Gomez),2023-06-11T11:02:57Z,0.811,19
Sunflower - Spider-Man: Into the Spider-Verse,2023-06-11T11:02:57Z,0.925,20
Cruel Summer,2023-06-11T11:02:57Z,0.564,21
Los del Espacio,2023-06-11T11:02:57Z,0.634,22
Creepin' (with The Weeknd & 21 Savage),2023-06-11T11:02:57Z,0.172,23
Like Crazy,2023-06-11T11:02:57Z,0.362,24
BESO,2023-06-11T11:02:57Z,0.53,25
Tá OK,2023-06-11T11:02:57Z,0.586,26
Angel Pt. 1 (feat. Jimin of BTS, JVKE & Muni Long),2023-06-11T11:02:57Z,0.277,27
See You Again (feat. Kali Uchis),2023-06-11T11:02:57Z,0.62,28
Last Night,2023-06-11T11:02:57Z,0.478,29
Yandel 150,2023-06-11T11:02:57Z,0.58,30
Anti-Hero,2023-06-11T11:02:57Z,0.533,31
I'm Good (Blue),2023-06-11T11:02:57Z,0.304,32
I Wanna Be Yours,2023-06-11T11:02:57Z,0.479,33
PRC,2023-06-11T11:02:57Z,0.893,34
Die For You (with Ariana Grande) - Remix,2023-06-11T11:02:57Z,0.506,35
Annihilate (Spider-Man: Across the Spider-Verse) (Metro Boomin & Swae Lee, Lil Wayne, Offset),2023-06-11T11:02:57Z,0.204,36
Angels Like You,2023-06-11T11:02:57Z,0.494,37
Popular (with Playboi Carti & Madonna) - The Idol Vol. 1 (Music from the HBO Original Series),2023-06-11T11:02:57Z,0.83,38
Am I Dreaming (Metro Boomin & A$AP Rocky, Roisee),2023-06-11T11:02:57Z,0.134,39
Frágil,2023-06-11T11:02:57Z,0.393,40
Die For You,2023-06-11T11:02:57Z,0.508,41
Boy's a Liar Pt. 2,2023-06-11T11:02:57Z,0.857,42
Who Told You (feat. Drake),2023-06-11T11:02:57Z,0.891,43
Dance The Night (From Barbie The Album),2023-06-11T11:02:57Z,0.775,44
I Ain't Worried,2023-06-11T11:02:57Z,0.825,45
La Bachata,2023-06-11T11:02:57Z,0.85,46
Moonlight,2023-06-11T11:02:57Z,0.896,47
People,2023-06-11T11:02:57Z,0.693,48
Starboy,2023-06-11T11:02:57Z,0.486,49
AMG,2023-06-11T11:02:57Z,0.786,50

Ella Baila Sola,2023-06-12T09:44:17Z,0.834,1
Peso Pluma: Bzrp Music Sessions, Vol. 55,2023-06-12T09:44:17Z,0.805,2
WHERE SHE GOES,2023-06-12T09:44:17Z,0.234,3
Take Two,2023-06-12T09:44:17Z,0.566,4
La Bebe - Remix,2023-06-12T09:44:17Z,0.559,5
un x100to,2023-06-12T09:44:17Z,0.562,6
Cupid - Twin Ver.,2023-06-12T09:44:17Z,0.726,7
Flowers,2023-06-12T09:44:17Z,0.646,8
As It Was,2023-06-12T09:44:17Z,0.662,9
TQM,2023-06-12T09:44:17Z,0.963,10
Sprinter,2023-06-12T09:44:17Z,0.661,11
Daylight,2023-06-12T09:44:17Z,0.324,12
Kill Bill,2023-06-12T09:44:17Z,0.418,13
Calling (Spider-Man: Across the Spider-Verse) (Metro Boomin & Swae Lee, NAV, feat. A Boogie Wit da Hoodie),2023-06-12T09:44:17Z,0.22,14
Classy 101,2023-06-12T09:44:17Z,0.672,15
Sunflower - Spider-Man: Into the Spider-Verse,2023-06-12T09:44:17Z,0.925,16
El Azul,2023-06-12T09:44:17Z,0.844,17
TQG,2023-06-12T09:44:17Z,0.607,18
Like Crazy,2023-06-12T09:44:17Z,0.362,19
Cruel Summer,2023-06-12T09:44:17Z,0.564,20
See You Again (feat. Kali Uchis),2023-06-12T09:44:17Z,0.62,21
I Wanna Be Yours,2023-06-12T09:44:17Z,0.479,22
Calm Down (with Selena Gomez),2023-06-12T09:44:17Z,0.811,23
Creepin' (with The Weeknd & 21 Savage),2023-06-12T09:44:17Z,0.172,24
El Cielo,2023-06-12T09:44:17Z,0.169,25
Angel Pt. 1 (feat. Jimin of BTS, JVKE & Muni Long),2023-06-12T09:44:17Z,0.277,26
Annihilate (Spider-Man: Across the Spider-Verse) (Metro Boomin & Swae Lee, Lil Wayne, Offset),2023-06-12T09:44:17Z,0.204,27
Angels Like You,2023-06-12T09:44:17Z,0.494,28
Die For You (with Ariana Grande) - Remix,2023-06-12T09:44:17Z,0.506,29
Anti-Hero,2023-06-12T09:44:17Z,0.533,30
Am I Dreaming (Metro Boomin & A$AP Rocky, Roisee),2023-06-12T09:44:17Z,0.134,31
Last Night,2023-06-12T09:44:17Z,0.478,32
PRC,2023-06-12T09:44:17Z,0.893,33
Los del Espacio,2023-06-12T09:44:17Z,0.634,34
BESO,2023-06-12T09:44:17Z,0.53,35
Die For You,2023-06-12T09:44:17Z,0.508,36
Yandel 150,2023-06-12T09:44:17Z,0.58,37
Tá OK,2023-06-12T09:44:17Z,0.586,38
I'm Good (Blue),2023-06-12T09:44:17Z,0.304,39
Moonlight,2023-06-12T09:44:17Z,0.896,40
Boy's a Liar Pt. 2,2023-06-12T09:44:17Z,0.857,41
Frágil,2023-06-12T09:44:17Z,0.393,42
Starboy,2023-06-12T09:44:17Z,0.486,43
People,2023-06-12T09:44:17Z,0.693,44
I Ain't Worried,2023-06-12T09:44:17Z,0.825,45
AMG,2023-06-12T09:44:17Z,0.786,46
La Bachata,2023-06-12T09:44:17Z,0.85,47
Dance The Night (From Barbie The Album),2023-06-12T09:44:17Z,0.775,48
Another Love,2023-06-12T09:44:17Z,0.131,49
Blank Space,2023-06-12T09:44:17Z,0.583,50

Ella Baila Sola,2023-06-13T11:01:00Z,0.834,1
Peso Pluma: Bzrp Music Sessions, Vol. 55,2023-06-13T11:01:00Z,0.805,2
WHERE SHE GOES,2023-06-13T11:01:00Z,0.234,3
Take Two,2023-06-13T11:01:00Z,0.566,4
un x100to,2023-06-13T11:01:00Z,0.562,5
La Bebe - Remix,2023-06-13T11:01:00Z,0.559,6
Cupid - Twin Ver.,2023-06-13T11:01:00Z,0.726,7
Sprinter,2023-06-13T11:01:00Z,0.661,8
Flowers,2023-06-13T11:01:00Z,0.646,9
Daylight,2023-06-13T11:01:00Z,0.324,10
As It Was,2023-06-13T11:01:00Z,0.662,11
Kill Bill,2023-06-13T11:01:00Z,0.418,12
Calling (Spider-Man: Across the Spider-Verse) (Metro Boomin & Swae Lee, NAV, feat. A Boogie Wit da Hoodie),2023-06-13T11:01:00Z,0.22,13
TQM,2023-06-13T11:01:00Z,0.963,14
Sunflower - Spider-Man: Into the Spider-Verse,2023-06-13T11:01:00Z,0.925,15
El Cielo,2023-06-13T11:01:00Z,0.169,16
Cruel Summer,2023-06-13T11:01:00Z,0.564,17
Classy 101,2023-06-13T11:01:00Z,0.672,18
Annihilate (Spider-Man: Across the Spider-Verse) (Metro Boomin & Swae Lee, Lil Wayne, Offset),2023-06-13T11:01:00Z,0.204,19
Creepin' (with The Weeknd & 21 Savage),2023-06-13T11:01:00Z,0.172,20
See You Again (feat. Kali Uchis),2023-06-13T11:01:00Z,0.62,21
I Wanna Be Yours,2023-06-13T11:01:00Z,0.479,22
TQG,2023-06-13T11:01:00Z,0.607,23
Am I Dreaming (Metro Boomin & A$AP Rocky, Roisee),2023-06-13T11:01:00Z,0.134,24
Like Crazy,2023-06-13T11:01:00Z,0.362,25
Calm Down (with Selena Gomez),2023-06-13T11:01:00Z,0.811,26
Los del Espacio,2023-06-13T11:01:00Z,0.634,27
Angels Like You,2023-06-13T11:01:00Z,0.494,28
Anti-Hero,2023-06-13T11:01:00Z,0.533,29
Die For You (with Ariana Grande) - Remix,2023-06-13T11:01:00Z,0.506,30
Angel Pt. 1 (feat. Jimin of BTS, JVKE & Muni Long),2023-06-13T11:01:00Z,0.277,31
Die For You,2023-06-13T11:01:00Z,0.508,32
El Azul,2023-06-13T11:01:00Z,0.844,33
BESO,2023-06-13T11:01:00Z,0.53,34
Last Night,2023-06-13T11:01:00Z,0.478,35
I'm Good (Blue),2023-06-13T11:01:00Z,0.304,36
Yandel 150,2023-06-13T11:01:00Z,0.58,37
Starboy,2023-06-13T11:01:00Z,0.486,38
Moonlight,2023-06-13T11:01:00Z,0.896,39
Boy's a Liar Pt. 2,2023-06-13T11:01:00Z,0.857,40
People,2023-06-13T11:01:00Z,0.693,41
PRC,2023-06-13T11:01:00Z,0.893,42
Another Love,2023-06-13T11:01:00Z,0.131,43
I Ain't Worried,2023-06-13T11:01:00Z,0.825,44
Dance The Night (From Barbie The Album),2023-06-13T11:01:00Z,0.775,45
Tá OK,2023-06-13T11:01:00Z,0.586,46
Popular (with Playboi Carti & Madonna) - The Idol Vol. 1 (Music from the HBO Original Series),2023-06-13T11:01:00Z,0.83,47
Blank Space,2023-06-13T11:01:00Z,0.583,48
All My Life (feat. J. Cole),2023-06-13T11:01:00Z,0.733,49
Frágil,2023-06-13T11:01:00Z,0.393,50

Ella Baila Sola,2023-06-14T10:31:22Z,0.834,1
Peso Pluma: Bzrp Music Sessions, Vol. 55,2023-06-14T10:31:22Z,0.805,2
WHERE SHE GOES,2023-06-14T10:31:22Z,0.234,3
Take Two,2023-06-14T10:31:22Z,0.566,4
un x100to,2023-06-14T10:31:22Z,0.562,5
Sprinter,2023-06-14T10:31:22Z,0.661,6
La Bebe - Remix,2023-06-14T10:31:22Z,0.559,7
Flowers,2023-06-14T10:31:22Z,0.646,8
Cupid - Twin Ver.,2023-06-14T10:31:22Z,0.726,9
Daylight,2023-06-14T10:31:22Z,0.324,10
As It Was,2023-06-14T10:31:22Z,0.662,11
Kill Bill,2023-06-14T10:31:22Z,0.418,12
Calling (Spider-Man: Across the Spider-Verse) (Metro Boomin & Swae Lee, NAV, feat. A Boogie Wit da Hoodie),2023-06-14T10:31:22Z,0.22,13
TQM,2023-06-14T10:31:22Z,0.963,14
El Cielo,2023-06-14T10:31:22Z,0.169,15
Sunflower - Spider-Man: Into the Spider-Verse,2023-06-14T10:31:22Z,0.925,16
Classy 101,2023-06-14T10:31:22Z,0.672,17
Cruel Summer,2023-06-14T10:31:22Z,0.564,18
Creepin' (with The Weeknd & 21 Savage),2023-06-14T10:31:22Z,0.172,19
I Wanna Be Yours,2023-06-14T10:31:22Z,0.479,20
Calm Down (with Selena Gomez),2023-06-14T10:31:22Z,0.811,21
TQG,2023-06-14T10:31:22Z,0.607,22
Annihilate (Spider-Man: Across the Spider-Verse) (Metro Boomin & Swae Lee, Lil Wayne, Offset),2023-06-14T10:31:22Z,0.204,23
See You Again (feat. Kali Uchis),2023-06-14T10:31:22Z,0.62,24
Los del Espacio,2023-06-14T10:31:22Z,0.634,25
Like Crazy,2023-06-14T10:31:22Z,0.362,26
Am I Dreaming (Metro Boomin & A$AP Rocky, Roisee),2023-06-14T10:31:22Z,0.134,27
Anti-Hero,2023-06-14T10:31:22Z,0.533,28
Angels Like You,2023-06-14T10:31:22Z,0.494,29
Die For You (with Ariana Grande) - Remix,2023-06-14T10:31:22Z,0.506,30
Die For You,2023-06-14T10:31:22Z,0.508,31
Angel Pt. 1 (feat. Jimin of BTS, JVKE & Muni Long),2023-06-14T10:31:22Z,0.277,32
BESO,2023-06-14T10:31:22Z,0.53,33
Last Night,2023-06-14T10:31:22Z,0.478,34
I'm Good (Blue),2023-06-14T10:31:22Z,0.304,35
El Azul,2023-06-14T10:31:22Z,0.844,36
Yandel 150,2023-06-14T10:31:22Z,0.58,37
Starboy,2023-06-14T10:31:22Z,0.486,38
People,2023-06-14T10:31:22Z,0.693,39
I Ain't Worried,2023-06-14T10:31:22Z,0.825,40
Moonlight,2023-06-14T10:31:22Z,0.896,41
Dance The Night (From Barbie The Album),2023-06-14T10:31:22Z,0.775,42
Boy's a Liar Pt. 2,2023-06-14T10:31:22Z,0.857,43
Another Love,2023-06-14T10:31:22Z,0.131,44
All My Life (feat. J. Cole),2023-06-14T10:31:22Z,0.733,45
Popular (with Playboi Carti & Madonna) - The Idol Vol. 1 (Music from the HBO Original Series),2023-06-14T10:31:22Z,0.83,46
PRC,2023-06-14T10:31:22Z,0.893,47
Blank Space,2023-06-14T10:31:22Z,0.583,48
La Bachata,2023-06-14T10:31:22Z,0.85,49
golden hour,2023-06-14T10:31:22Z,0.153,50

Ella Baila Sola,2023-06-16T10:46:29Z,0.834,1
Peso Pluma: Bzrp Music Sessions, Vol. 55,2023-06-16T10:46:29Z,0.805,2
WHERE SHE GOES,2023-06-16T10:46:29Z,0.234,3
La Bebe - Remix,2023-06-16T10:46:29Z,0.559,4
un x100to,2023-06-16T10:46:29Z,0.562,5
Flowers,2023-06-16T10:46:29Z,0.646,6
Sprinter,2023-06-16T10:46:29Z,0.661,7
Cupid - Twin Ver.,2023-06-16T10:46:29Z,0.726,8
As It Was,2023-06-16T10:46:29Z,0.662,9
Daylight,2023-06-16T10:46:29Z,0.324,10
Kill Bill,2023-06-16T10:46:29Z,0.418,11
Take Two,2023-06-16T10:46:29Z,0.566,12
TQM,2023-06-16T10:46:29Z,0.963,13
Calling (Spider-Man: Across the Spider-Verse) (Metro Boomin & Swae Lee, NAV, feat. A Boogie Wit da Hoodie),2023-06-16T10:46:29Z,0.22,14
Cruel Summer,2023-06-16T10:46:29Z,0.564,15
Classy 101,2023-06-16T10:46:29Z,0.672,16
Sunflower - Spider-Man: Into the Spider-Verse,2023-06-16T10:46:29Z,0.925,17
Calm Down (with Selena Gomez),2023-06-16T10:46:29Z,0.811,18
TQG,2023-06-16T10:46:29Z,0.607,19
Creepin' (with The Weeknd & 21 Savage),2023-06-16T10:46:29Z,0.172,20
I Wanna Be Yours,2023-06-16T10:46:29Z,0.479,21
Los del Espacio,2023-06-16T10:46:29Z,0.634,22
See You Again (feat. Kali Uchis),2023-06-16T10:46:29Z,0.62,23
Annihilate (Spider-Man: Across the Spider-Verse) (Metro Boomin & Swae Lee, Lil Wayne, Offset),2023-06-16T10:46:29Z,0.204,24
Angels Like You,2023-06-16T10:46:29Z,0.494,25
El Cielo,2023-06-16T10:46:29Z,0.169,26
Like Crazy,2023-06-16T10:46:29Z,0.362,27
Anti-Hero,2023-06-16T10:46:29Z,0.533,28
BESO,2023-06-16T10:46:29Z,0.53,29
Am I Dreaming (Metro Boomin & A$AP Rocky, Roisee),2023-06-16T10:46:29Z,0.134,30
I'm Good (Blue),2023-06-16T10:46:29Z,0.304,31
El Azul,2023-06-16T10:46:29Z,0.844,32
Last Night,2023-06-16T10:46:29Z,0.478,33
Die For You (with Ariana Grande) - Remix,2023-06-16T10:46:29Z,0.506,34
Die For You,2023-06-16T10:46:29Z,0.508,35
Yandel 150,2023-06-16T10:46:29Z,0.58,36
Heat Waves,2023-06-16T10:46:29Z,0.531,37
Say Yes To Heaven,2023-06-16T10:46:29Z,0.166,38
Starboy,2023-06-16T10:46:29Z,0.486,39
I Ain't Worried,2023-06-16T10:46:29Z,0.825,40
All My Life (feat. J. Cole),2023-06-16T10:46:29Z,0.733,41
People,2023-06-16T10:46:29Z,0.693,42
Dance The Night (From Barbie The Album),2023-06-16T10:46:29Z,0.775,43
Moonlight,2023-06-16T10:46:29Z,0.896,44
Another Love,2023-06-16T10:46:29Z,0.131,45
PRC,2023-06-16T10:46:29Z,0.893,46
Angel Pt. 1 (feat. Jimin of BTS, JVKE & Muni Long),2023-06-16T10:46:29Z,0.277,47
Boy's a Liar Pt. 2,2023-06-16T10:46:29Z,0.857,48
Blank Space,2023-06-16T10:46:29Z,0.583,49
Bye,2023-06-16T10:46:29Z,0.7,50
